<ImportExportXml version="9.2.23024.174" SolutionPackageVersion="9.2" languagecode="1046" generatedBy="CrmLive" xmlns:xsi="http://www.w3.org/2001/XMLSchema-instance">
  <SolutionManifest>
    <UniqueName>tcc_dynacoop_equipe4</UniqueName>
    <LocalizedNames>
      <LocalizedName description="TCC Dynacoop Equipe 4" languagecode="1046" />
    </LocalizedNames>
    <Descriptions />
    <Version>1.0.0.1</Version>
    <Managed>1</Managed>
    <Publisher>
      <UniqueName>tcc_dynacoop_equipe4</UniqueName>
      <LocalizedNames>
        <LocalizedName description="TCC Dynacoop Equipe 4" languagecode="1046" />
      </LocalizedNames>
      <Descriptions />
      <EMailAddress xsi:nil="true"></EMailAddress>
      <SupportingWebsiteUrl xsi:nil="true"></SupportingWebsiteUrl>
      <CustomizationPrefix>dnc</CustomizationPrefix>
      <CustomizationOptionValuePrefix>77833</CustomizationOptionValuePrefix>
      <Addresses>
        <Address>
          <AddressNumber>1</AddressNumber>
          <AddressTypeCode>1</AddressTypeCode>
          <City xsi:nil="true"></City>
          <County xsi:nil="true"></County>
          <Country xsi:nil="true"></Country>
          <Fax xsi:nil="true"></Fax>
          <FreightTermsCode xsi:nil="true"></FreightTermsCode>
          <ImportSequenceNumber xsi:nil="true"></ImportSequenceNumber>
          <Latitude xsi:nil="true"></Latitude>
          <Line1 xsi:nil="true"></Line1>
          <Line2 xsi:nil="true"></Line2>
          <Line3 xsi:nil="true"></Line3>
          <Longitude xsi:nil="true"></Longitude>
          <Name xsi:nil="true"></Name>
          <PostalCode xsi:nil="true"></PostalCode>
          <PostOfficeBox xsi:nil="true"></PostOfficeBox>
          <PrimaryContactName xsi:nil="true"></PrimaryContactName>
          <ShippingMethodCode>1</ShippingMethodCode>
          <StateOrProvince xsi:nil="true"></StateOrProvince>
          <Telephone1 xsi:nil="true"></Telephone1>
          <Telephone2 xsi:nil="true"></Telephone2>
          <Telephone3 xsi:nil="true"></Telephone3>
          <TimeZoneRuleVersionNumber xsi:nil="true"></TimeZoneRuleVersionNumber>
          <UPSZone xsi:nil="true"></UPSZone>
          <UTCOffset xsi:nil="true"></UTCOffset>
          <UTCConversionTimeZoneCode xsi:nil="true"></UTCConversionTimeZoneCode>
        </Address>
        <Address>
          <AddressNumber>2</AddressNumber>
          <AddressTypeCode>1</AddressTypeCode>
          <City xsi:nil="true"></City>
          <County xsi:nil="true"></County>
          <Country xsi:nil="true"></Country>
          <Fax xsi:nil="true"></Fax>
          <FreightTermsCode xsi:nil="true"></FreightTermsCode>
          <ImportSequenceNumber xsi:nil="true"></ImportSequenceNumber>
          <Latitude xsi:nil="true"></Latitude>
          <Line1 xsi:nil="true"></Line1>
          <Line2 xsi:nil="true"></Line2>
          <Line3 xsi:nil="true"></Line3>
          <Longitude xsi:nil="true"></Longitude>
          <Name xsi:nil="true"></Name>
          <PostalCode xsi:nil="true"></PostalCode>
          <PostOfficeBox xsi:nil="true"></PostOfficeBox>
          <PrimaryContactName xsi:nil="true"></PrimaryContactName>
          <ShippingMethodCode>1</ShippingMethodCode>
          <StateOrProvince xsi:nil="true"></StateOrProvince>
          <Telephone1 xsi:nil="true"></Telephone1>
          <Telephone2 xsi:nil="true"></Telephone2>
          <Telephone3 xsi:nil="true"></Telephone3>
          <TimeZoneRuleVersionNumber xsi:nil="true"></TimeZoneRuleVersionNumber>
          <UPSZone xsi:nil="true"></UPSZone>
          <UTCOffset xsi:nil="true"></UTCOffset>
          <UTCConversionTimeZoneCode xsi:nil="true"></UTCConversionTimeZoneCode>
        </Address>
      </Addresses>
    </Publisher>
    <RootComponents>
      <RootComponent type="1" schemaName="account" behavior="1" />
      <RootComponent type="1" schemaName="appointment" behavior="1" />
      <RootComponent type="1" schemaName="contact" behavior="1" />
      <RootComponent type="1" schemaName="opportunity" behavior="1" />
      <RootComponent type="1" schemaName="product" behavior="1" />
      <RootComponent type="1" schemaName="quote" behavior="1" />
      <RootComponent type="1" schemaName="quotedetail" behavior="1" />
      <RootComponent type="29" id="{3f24667b-11f6-4910-a160-c92ad61358d8}" behavior="0" />
      <RootComponent type="29" id="{930c2cdf-1fbd-ed11-83fe-002248e068a7}" behavior="0" />
      <RootComponent type="29" id="{bd94f5c9-4741-4c36-89b9-7501faedf165}" behavior="0" />
      <RootComponent type="29" id="{c6a04de5-bcb9-ed11-b596-002248e068a7}" behavior="0" />
      <RootComponent type="61" schemaName="dnc_CloneOportunidade" behavior="0" />
      <RootComponent type="61" schemaName="dnc_Dynacoop.Account" behavior="0" />
      <RootComponent type="61" schemaName="dnc_Dynacoop.BlockEditionCnpj" behavior="0" />
      <RootComponent type="61" schemaName="dnc_Dynacoop.BlockEditionCpf" behavior="0" />
      <RootComponent type="61" schemaName="dnc_Dynacoop.Contact" behavior="0" />
      <RootComponent type="61" schemaName="dnc_Dynacoop.Endereco" behavior="0" />
      <RootComponent type="61" schemaName="dnc_Dynacoop.Validacao" behavior="0" />
      <RootComponent type="300" schemaName="dnc_suporteaousuriocopy2_213b7" behavior="0" />
    </RootComponents>
    <MissingDependencies>
      <MissingDependency>
        <Required type="1" schemaName="competitor" displayName="Concorrente" solution="msdynce_Sales (9.0.4.0076)">
          <package>msdynce_SalesAnchor (9.0.23031.10001)</package>
        </Required>
        <Dependent type="60" displayName="Opportunity" parentDisplayName="Oportunidade" id="{a837e4a7-01b8-4f82-a475-be9abd67e667}" />
      </MissingDependency>
      <MissingDependency>
        <Required type="1" schemaName="dynamicproperty" displayName="Propriedade" solution="msdynce_ProductManagement (9.0.4.0066)">
          <package>msdynce_ProductManagementAnchor (9.0.23031.10001)</package>
        </Required>
        <Dependent type="60" displayName="Produto" parentDisplayName="Produto" id="{a640be62-63f6-4027-90d7-48c014a7c6f3}" />
      </MissingDependency>
      <MissingDependency>
        <Required type="1" schemaName="entitlement" displayName="Direito" solution="msdynce_Service (9.0.5.56)">
          <package>msdynce_ServiceAnchor (9.0.23023.1013)</package>
        </Required>
        <Dependent type="60" displayName="Contact" parentDisplayName="Contato" id="{1fed44d1-ae68-4a41-bd2b-f13acac4acfa}" />
      </MissingDependency>
      <MissingDependency>
        <Required type="1" schemaName="incident" displayName="Ocorrência" solution="msdynce_Service (9.0.5.56)">
          <package>msdynce_ServiceAnchor (9.0.23023.1013)</package>
        </Required>
        <Dependent type="60" displayName="Contact" parentDisplayName="Contato" id="{1fed44d1-ae68-4a41-bd2b-f13acac4acfa}" />
      </MissingDependency>
      <MissingDependency>
        <Required type="1" schemaName="lead" displayName="Cliente Potencial" solution="msdynce_LeadManagement (9.0.4.0066)">
          <package>msdynce_LeadManagementAnchor (9.0.23031.10002)</package>
        </Required>
        <Dependent type="300" schemaName="dnc_suporteaousuriocopy2_213b7" displayName="App Suporte ao usuário" />
      </MissingDependency>
      <MissingDependency>
        <Required type="1" schemaName="opportunity" displayName="Oportunidade" solution="msdynce_Sales (9.0.4.0076)">
          <package>msdynce_SalesAnchor (9.0.23031.10001)</package>
        </Required>
        <Dependent type="1" schemaName="opportunity" displayName="Oportunidade" />
      </MissingDependency>
      <MissingDependency>
        <Required type="1" schemaName="opportunity" displayName="Oportunidade" solution="msdynce_Sales (9.0.4.0076)">
          <package>msdynce_SalesAnchor (9.0.23031.10001)</package>
        </Required>
        <Dependent type="2" schemaName="dnc_integracao" displayName="Integração" parentSchemaName="opportunity" parentDisplayName="Oportunidade" />
      </MissingDependency>
      <MissingDependency>
        <Required type="1" schemaName="opportunity" displayName="Oportunidade" solution="msdynce_Sales (9.0.4.0076)">
          <package>msdynce_SalesAnchor (9.0.23031.10001)</package>
        </Required>
        <Dependent type="2" schemaName="dnc_opportunitynumber" displayName="ID da oportunidade (opportunity ID)" parentSchemaName="opportunity" parentDisplayName="Oportunidade" />
      </MissingDependency>
      <MissingDependency>
        <Required type="1" schemaName="opportunity" displayName="Oportunidade" solution="msdynce_Sales (9.0.4.0076)">
          <package>msdynce_SalesAnchor (9.0.23031.10001)</package>
        </Required>
        <Dependent type="29" displayName="Clone Oportunidade" id="{3f24667b-11f6-4910-a160-c92ad61358d8}" />
      </MissingDependency>
      <MissingDependency>
        <Required type="1" schemaName="opportunity" displayName="Oportunidade" solution="msdynce_Sales (9.0.4.0076)">
          <package>msdynce_SalesAnchor (9.0.23031.10001)</package>
        </Required>
        <Dependent type="300" schemaName="dnc_suporteaousuriocopy2_213b7" displayName="App Suporte ao usuário" />
      </MissingDependency>
      <MissingDependency>
        <Required type="1" schemaName="opportunity" displayName="Oportunidade" solution="msdynce_Sales (9.0.4.0076)">
          <package>msdynce_SalesAnchor (9.0.23031.10001)</package>
        </Required>
        <Dependent type="60" displayName="Contact" parentDisplayName="Contato" id="{1fed44d1-ae68-4a41-bd2b-f13acac4acfa}" />
      </MissingDependency>
      <MissingDependency>
        <Required type="1" schemaName="opportunity" displayName="Oportunidade" solution="msdynce_Sales (9.0.4.0076)">
          <package>msdynce_SalesAnchor (9.0.23031.10001)</package>
        </Required>
        <Dependent type="60" displayName="Sales Insights" parentDisplayName="Conta" id="{cb430327-bcc1-416d-959d-db7592e685af}" />
      </MissingDependency>
      <MissingDependency>
        <Required type="1" schemaName="opportunityproduct" displayName="Produto da Oportunidade" solution="msdynce_Sales (9.0.4.0076)">
          <package>msdynce_SalesAnchor (9.0.23031.10001)</package>
        </Required>
        <Dependent type="60" displayName="Informações" parentDisplayName="Oportunidade" id="{a2a56263-ec37-4991-a3b0-e7b37a71d818}" />
      </MissingDependency>
      <MissingDependency>
        <Required type="1" schemaName="opportunityproduct" displayName="Produto da Oportunidade" solution="msdynce_Sales (9.0.4.0076)">
          <package>msdynce_SalesAnchor (9.0.23031.10001)</package>
        </Required>
        <Dependent type="60" displayName="Opportunity" parentDisplayName="Oportunidade" id="{a837e4a7-01b8-4f82-a475-be9abd67e667}" />
      </MissingDependency>
      <MissingDependency>
        <Required type="1" schemaName="product" displayName="Produto" solution="msdynce_ProductManagement (9.0.4.0066)">
          <package>msdynce_ProductManagementAnchor (9.0.23031.10001)</package>
        </Required>
        <Dependent type="1" schemaName="product" displayName="Produto" />
      </MissingDependency>
      <MissingDependency>
        <Required type="1" schemaName="product" displayName="Produto" solution="msdynce_ProductManagement (9.0.4.0066)">
          <package>msdynce_ProductManagementAnchor (9.0.23031.10001)</package>
        </Required>
        <Dependent type="2" schemaName="dnc_integracao" displayName="Integração" parentSchemaName="product" parentDisplayName="Produto" />
      </MissingDependency>
      <MissingDependency>
        <Required type="1" schemaName="productassociation" displayName="Associação do Produto" solution="msdynce_ProductManagement (9.0.4.0066)">
          <package>msdynce_ProductManagementAnchor (9.0.23031.10001)</package>
        </Required>
        <Dependent type="60" displayName="Produto" parentDisplayName="Produto" id="{a640be62-63f6-4027-90d7-48c014a7c6f3}" />
      </MissingDependency>
      <MissingDependency>
        <Required type="1" schemaName="productpricelevel" displayName="Item da Lista de Preços" solution="msdynce_ProductManagement (9.0.4.0066)">
          <package>msdynce_ProductManagementAnchor (9.0.23031.10001)</package>
        </Required>
        <Dependent type="60" displayName="Produto" parentDisplayName="Produto" id="{a640be62-63f6-4027-90d7-48c014a7c6f3}" />
      </MissingDependency>
      <MissingDependency>
        <Required type="1" schemaName="productsubstitute" displayName="Relacionamento de Produto" solution="msdynce_ProductManagement (9.0.4.0066)">
          <package>msdynce_ProductManagementAnchor (9.0.23031.10001)</package>
        </Required>
        <Dependent type="60" displayName="Produto" parentDisplayName="Produto" id="{a640be62-63f6-4027-90d7-48c014a7c6f3}" />
      </MissingDependency>
      <MissingDependency>
        <Required type="1" schemaName="quote" displayName="Cotação" solution="msdynce_Sales (9.0.4.0076)">
          <package>msdynce_SalesAnchor (9.0.23031.10001)</package>
        </Required>
        <Dependent type="1" schemaName="quote" displayName="Cotação" />
      </MissingDependency>
      <MissingDependency>
        <Required type="1" schemaName="quote" displayName="Cotação" solution="msdynce_Sales (9.0.4.0076)">
          <package>msdynce_SalesAnchor (9.0.23031.10001)</package>
        </Required>
        <Dependent type="29" displayName="Envia cotação quando for ativada" id="{930c2cdf-1fbd-ed11-83fe-002248e068a7}" />
      </MissingDependency>
      <MissingDependency>
        <Required type="1" schemaName="quote" displayName="Cotação" solution="msdynce_Sales (9.0.4.0076)">
          <package>msdynce_SalesAnchor (9.0.23031.10001)</package>
        </Required>
        <Dependent type="60" displayName="Informações" parentDisplayName="Oportunidade" id="{a2a56263-ec37-4991-a3b0-e7b37a71d818}" />
      </MissingDependency>
      <MissingDependency>
        <Required type="1" schemaName="quote" displayName="Cotação" solution="msdynce_Sales (9.0.4.0076)">
          <package>msdynce_SalesAnchor (9.0.23031.10001)</package>
        </Required>
        <Dependent type="60" displayName="Opportunity" parentDisplayName="Oportunidade" id="{a837e4a7-01b8-4f82-a475-be9abd67e667}" />
      </MissingDependency>
      <MissingDependency>
        <Required type="1" schemaName="quotedetail" displayName="Produto da Cotação" solution="msdynce_Sales (9.0.4.0076)">
          <package>msdynce_SalesAnchor (9.0.23031.10001)</package>
        </Required>
        <Dependent type="1" schemaName="quotedetail" displayName="Produto da Cotação" />
      </MissingDependency>
      <MissingDependency>
        <Required type="1" schemaName="quotedetail" displayName="Produto da Cotação" solution="msdynce_Sales (9.0.4.0076)">
          <package>msdynce_SalesAnchor (9.0.23031.10001)</package>
        </Required>
        <Dependent type="29" displayName="Envia cotação quando for ativada" id="{930c2cdf-1fbd-ed11-83fe-002248e068a7}" />
      </MissingDependency>
      <MissingDependency>
        <Required type="1" schemaName="salesliterature" displayName="FAQ" solution="msdynce_Sales (9.0.4.0076)">
          <package>msdynce_SalesAnchor (9.0.23031.10001)</package>
        </Required>
        <Dependent type="300" schemaName="dnc_suporteaousuriocopy2_213b7" displayName="App Suporte ao usuário" />
      </MissingDependency>
      <MissingDependency>
        <Required type="2" schemaName="originatingleadid" displayName="Cliente Potencial Originador" parentSchemaName="account" parentDisplayName="Conta" solution="msdynce_LeadManagement (9.0.4.0066)">
          <package>msdynce_LeadManagementAnchor (9.0.23031.10002)</package>
        </Required>
        <Dependent type="60" displayName="Sales Insights" parentDisplayName="Conta" id="{cb430327-bcc1-416d-959d-db7592e685af}" />
      </MissingDependency>
      <MissingDependency>
        <Required type="2" schemaName="isonlinemeeting" displayName="É Reunião Online" parentSchemaName="appointment" parentDisplayName="Visita" solution="msft_ActivitiesInfra_Extensions (9.2.0.36)" />
        <Dependent type="60" displayName="Compromisso" parentDisplayName="Visita" id="{549a8aa3-c349-4ab9-8bac-4873fa9a7a5c}" />
      </MissingDependency>
      <MissingDependency>
        <Required type="2" schemaName="onlinemeetingjoinurl" displayName="URL de Ingresso na Reunião Online" parentSchemaName="appointment" parentDisplayName="Visita" solution="msft_ActivitiesInfra_Extensions (9.2.0.36)" />
        <Dependent type="60" displayName="Compromisso" parentDisplayName="Visita" id="{549a8aa3-c349-4ab9-8bac-4873fa9a7a5c}" />
      </MissingDependency>
      <MissingDependency>
        <Required type="2" schemaName="businesscard" displayName="Cartão de Visita" parentSchemaName="contact" parentDisplayName="Contato" solution="msdynce_SalesPatch201904 (9.0.1912.1007)">
          <package>msdynce_SalesAnchor (9.0.23031.10001)</package>
        </Required>
        <Dependent type="60" displayName="Contact" parentDisplayName="Contato" id="{1fed44d1-ae68-4a41-bd2b-f13acac4acfa}" />
      </MissingDependency>
      <MissingDependency>
        <Required type="2" schemaName="businesscardattributes" displayName="BusinessCardAttributes" parentSchemaName="contact" parentDisplayName="Contato" solution="msdynce_SalesPatch201904 (9.0.1912.1007)">
          <package>msdynce_SalesAnchor (9.0.23031.10001)</package>
        </Required>
        <Dependent type="60" displayName="Contact" parentDisplayName="Contato" id="{1fed44d1-ae68-4a41-bd2b-f13acac4acfa}" />
      </MissingDependency>
      <MissingDependency>
        <Required type="2" schemaName="originatingleadid" displayName="Cliente Potencial Originador" parentSchemaName="contact" parentDisplayName="Contato" solution="msdynce_LeadManagement (9.0.4.0066)">
          <package>msdynce_LeadManagementAnchor (9.0.23031.10002)</package>
        </Required>
        <Dependent type="60" displayName="Contact" parentDisplayName="Contato" id="{1fed44d1-ae68-4a41-bd2b-f13acac4acfa}" />
      </MissingDependency>
      <MissingDependency>
        <Required type="2" schemaName="budgetamount" displayName="Valor do Orçamento" parentSchemaName="opportunity" parentDisplayName="Oportunidade" solution="msdynce_Sales (9.0.4.0076)">
          <package>msdynce_SalesAnchor (9.0.23031.10001)</package>
        </Required>
        <Dependent type="60" displayName="Opportunity" parentDisplayName="Oportunidade" id="{a837e4a7-01b8-4f82-a475-be9abd67e667}" />
      </MissingDependency>
      <MissingDependency>
        <Required type="2" schemaName="campaignid" displayName="Campanha de Origem" parentSchemaName="opportunity" parentDisplayName="Oportunidade" solution="msdynce_MarketingSales (9.0.4.29)">
          <package>msdynce_MarketingSalesAnchor (9.0.23031.10001)</package>
        </Required>
        <Dependent type="60" displayName="Informações" parentDisplayName="Oportunidade" id="{a2a56263-ec37-4991-a3b0-e7b37a71d818}" />
      </MissingDependency>
      <MissingDependency>
        <Required type="2" schemaName="closeprobability" displayName="Probabilidade" parentSchemaName="opportunity" parentDisplayName="Oportunidade" solution="msdynce_Sales (9.0.4.0076)">
          <package>msdynce_SalesAnchor (9.0.23031.10001)</package>
        </Required>
        <Dependent type="60" displayName="Informações" parentDisplayName="Oportunidade" id="{a2a56263-ec37-4991-a3b0-e7b37a71d818}" />
      </MissingDependency>
      <MissingDependency>
        <Required type="2" schemaName="currentsituation" displayName="Situação Atual" parentSchemaName="opportunity" parentDisplayName="Oportunidade" solution="msdynce_Sales (9.0.4.0076)">
          <package>msdynce_SalesAnchor (9.0.23031.10001)</package>
        </Required>
        <Dependent type="60" displayName="Opportunity" parentDisplayName="Oportunidade" id="{a837e4a7-01b8-4f82-a475-be9abd67e667}" />
      </MissingDependency>
      <MissingDependency>
        <Required type="2" schemaName="customerid" displayName="Cliente em Potencial" parentSchemaName="opportunity" parentDisplayName="Oportunidade" solution="msdynce_Sales (9.0.4.0076)">
          <package>msdynce_SalesAnchor (9.0.23031.10001)</package>
        </Required>
        <Dependent type="60" displayName="Informações" parentDisplayName="Oportunidade" id="{a2a56263-ec37-4991-a3b0-e7b37a71d818}" />
      </MissingDependency>
      <MissingDependency>
        <Required type="2" schemaName="customerneed" displayName="Necessidade do Cliente" parentSchemaName="opportunity" parentDisplayName="Oportunidade" solution="msdynce_Sales (9.0.4.0076)">
          <package>msdynce_SalesAnchor (9.0.23031.10001)</package>
        </Required>
        <Dependent type="60" displayName="Opportunity" parentDisplayName="Oportunidade" id="{a837e4a7-01b8-4f82-a475-be9abd67e667}" />
      </MissingDependency>
      <MissingDependency>
        <Required type="2" schemaName="description" displayName="Descrição" parentSchemaName="opportunity" parentDisplayName="Oportunidade" solution="msdynce_Sales (9.0.4.0076)">
          <package>msdynce_SalesAnchor (9.0.23031.10001)</package>
        </Required>
        <Dependent type="60" displayName="Informações" parentDisplayName="Oportunidade" id="{a2a56263-ec37-4991-a3b0-e7b37a71d818}" />
      </MissingDependency>
      <MissingDependency>
        <Required type="2" schemaName="description" displayName="Descrição" parentSchemaName="opportunity" parentDisplayName="Oportunidade" solution="msdynce_Sales (9.0.4.0076)">
          <package>msdynce_SalesAnchor (9.0.23031.10001)</package>
        </Required>
        <Dependent type="60" displayName="Opportunity" parentDisplayName="Oportunidade" id="{a837e4a7-01b8-4f82-a475-be9abd67e667}" />
      </MissingDependency>
      <MissingDependency>
        <Required type="2" schemaName="discountamount" displayName="Valor do Desconto da Oportunidade" parentSchemaName="opportunity" parentDisplayName="Oportunidade" solution="msdynce_Sales (9.0.4.0076)">
          <package>msdynce_SalesAnchor (9.0.23031.10001)</package>
        </Required>
        <Dependent type="60" displayName="Informações" parentDisplayName="Oportunidade" id="{a2a56263-ec37-4991-a3b0-e7b37a71d818}" />
      </MissingDependency>
      <MissingDependency>
        <Required type="2" schemaName="discountamount" displayName="Valor do Desconto da Oportunidade" parentSchemaName="opportunity" parentDisplayName="Oportunidade" solution="msdynce_Sales (9.0.4.0076)">
          <package>msdynce_SalesAnchor (9.0.23031.10001)</package>
        </Required>
        <Dependent type="60" displayName="Opportunity" parentDisplayName="Oportunidade" id="{a837e4a7-01b8-4f82-a475-be9abd67e667}" />
      </MissingDependency>
      <MissingDependency>
        <Required type="2" schemaName="discountpercentage" displayName="Desconto da Oportunidade (%)" parentSchemaName="opportunity" parentDisplayName="Oportunidade" solution="msdynce_Sales (9.0.4.0076)">
          <package>msdynce_SalesAnchor (9.0.23031.10001)</package>
        </Required>
        <Dependent type="60" displayName="Informações" parentDisplayName="Oportunidade" id="{a2a56263-ec37-4991-a3b0-e7b37a71d818}" />
      </MissingDependency>
      <MissingDependency>
        <Required type="2" schemaName="discountpercentage" displayName="Desconto da Oportunidade (%)" parentSchemaName="opportunity" parentDisplayName="Oportunidade" solution="msdynce_Sales (9.0.4.0076)">
          <package>msdynce_SalesAnchor (9.0.23031.10001)</package>
        </Required>
        <Dependent type="60" displayName="Opportunity" parentDisplayName="Oportunidade" id="{a837e4a7-01b8-4f82-a475-be9abd67e667}" />
      </MissingDependency>
      <MissingDependency>
        <Required type="2" schemaName="estimatedclosedate" displayName="Data Est. Fechamento" parentSchemaName="opportunity" parentDisplayName="Oportunidade" solution="msdynce_Sales (9.0.4.0076)">
          <package>msdynce_SalesAnchor (9.0.23031.10001)</package>
        </Required>
        <Dependent type="60" displayName="Informações" parentDisplayName="Oportunidade" id="{a2a56263-ec37-4991-a3b0-e7b37a71d818}" />
      </MissingDependency>
      <MissingDependency>
        <Required type="2" schemaName="estimatedclosedate" displayName="Data Est. Fechamento" parentSchemaName="opportunity" parentDisplayName="Oportunidade" solution="msdynce_Sales (9.0.4.0076)">
          <package>msdynce_SalesAnchor (9.0.23031.10001)</package>
        </Required>
        <Dependent type="60" displayName="Opportunity" parentDisplayName="Oportunidade" id="{a837e4a7-01b8-4f82-a475-be9abd67e667}" />
      </MissingDependency>
      <MissingDependency>
        <Required type="2" schemaName="estimatedvalue" displayName="Receita Estimada" parentSchemaName="opportunity" parentDisplayName="Oportunidade" solution="msdynce_Sales (9.0.4.0076)">
          <package>msdynce_SalesAnchor (9.0.23031.10001)</package>
        </Required>
        <Dependent type="60" displayName="Informações" parentDisplayName="Oportunidade" id="{a2a56263-ec37-4991-a3b0-e7b37a71d818}" />
      </MissingDependency>
      <MissingDependency>
        <Required type="2" schemaName="estimatedvalue" displayName="Receita Estimada" parentSchemaName="opportunity" parentDisplayName="Oportunidade" solution="msdynce_Sales (9.0.4.0076)">
          <package>msdynce_SalesAnchor (9.0.23031.10001)</package>
        </Required>
        <Dependent type="60" displayName="Opportunity" parentDisplayName="Oportunidade" id="{a837e4a7-01b8-4f82-a475-be9abd67e667}" />
      </MissingDependency>
      <MissingDependency>
        <Required type="2" schemaName="freightamount" displayName="Valor do Frete" parentSchemaName="opportunity" parentDisplayName="Oportunidade" solution="msdynce_Sales (9.0.4.0076)">
          <package>msdynce_SalesAnchor (9.0.23031.10001)</package>
        </Required>
        <Dependent type="60" displayName="Informações" parentDisplayName="Oportunidade" id="{a2a56263-ec37-4991-a3b0-e7b37a71d818}" />
      </MissingDependency>
      <MissingDependency>
        <Required type="2" schemaName="freightamount" displayName="Valor do Frete" parentSchemaName="opportunity" parentDisplayName="Oportunidade" solution="msdynce_Sales (9.0.4.0076)">
          <package>msdynce_SalesAnchor (9.0.23031.10001)</package>
        </Required>
        <Dependent type="60" displayName="Opportunity" parentDisplayName="Oportunidade" id="{a837e4a7-01b8-4f82-a475-be9abd67e667}" />
      </MissingDependency>
      <MissingDependency>
        <Required type="2" schemaName="isrevenuesystemcalculated" displayName="Receita" parentSchemaName="opportunity" parentDisplayName="Oportunidade" solution="msdynce_Sales (9.0.4.0076)">
          <package>msdynce_SalesAnchor (9.0.23031.10001)</package>
        </Required>
        <Dependent type="60" displayName="Informações" parentDisplayName="Oportunidade" id="{a2a56263-ec37-4991-a3b0-e7b37a71d818}" />
      </MissingDependency>
      <MissingDependency>
        <Required type="2" schemaName="isrevenuesystemcalculated" displayName="Receita" parentSchemaName="opportunity" parentDisplayName="Oportunidade" solution="msdynce_Sales (9.0.4.0076)">
          <package>msdynce_SalesAnchor (9.0.23031.10001)</package>
        </Required>
        <Dependent type="60" displayName="Opportunity" parentDisplayName="Oportunidade" id="{a837e4a7-01b8-4f82-a475-be9abd67e667}" />
      </MissingDependency>
      <MissingDependency>
        <Required type="2" schemaName="msdyn_forecastcategory" displayName="Categoria de previsão" parentSchemaName="opportunity" parentDisplayName="Oportunidade" solution="msdyn_Forecasting (9.0.22121.10020)">
          <package>msdyn_SalesIntegrationsAddOns (9.0.23031.10001)</package>
        </Required>
        <Dependent type="60" displayName="Opportunity" parentDisplayName="Oportunidade" id="{a837e4a7-01b8-4f82-a475-be9abd67e667}" />
      </MissingDependency>
      <MissingDependency>
        <Required type="2" schemaName="name" displayName="Tópico" parentSchemaName="opportunity" parentDisplayName="Oportunidade" solution="msdynce_Sales (9.0.4.0076)">
          <package>msdynce_SalesAnchor (9.0.23031.10001)</package>
        </Required>
        <Dependent type="29" displayName="Clone Oportunidade" id="{3f24667b-11f6-4910-a160-c92ad61358d8}" />
      </MissingDependency>
      <MissingDependency>
        <Required type="2" schemaName="name" displayName="Tópico" parentSchemaName="opportunity" parentDisplayName="Oportunidade" solution="msdynce_Sales (9.0.4.0076)">
          <package>msdynce_SalesAnchor (9.0.23031.10001)</package>
        </Required>
        <Dependent type="60" displayName="Informações" parentDisplayName="Oportunidade" id="{a2a56263-ec37-4991-a3b0-e7b37a71d818}" />
      </MissingDependency>
      <MissingDependency>
        <Required type="2" schemaName="name" displayName="Tópico" parentSchemaName="opportunity" parentDisplayName="Oportunidade" solution="msdynce_Sales (9.0.4.0076)">
          <package>msdynce_SalesAnchor (9.0.23031.10001)</package>
        </Required>
        <Dependent type="60" displayName="Opportunity" parentDisplayName="Oportunidade" id="{a837e4a7-01b8-4f82-a475-be9abd67e667}" />
      </MissingDependency>
      <MissingDependency>
        <Required type="2" schemaName="opportunityid" displayName="Oportunidade" parentSchemaName="opportunity" parentDisplayName="Oportunidade" solution="msdynce_Sales (9.0.4.0076)">
          <package>msdynce_SalesAnchor (9.0.23031.10001)</package>
        </Required>
        <Dependent type="29" displayName="Clone Oportunidade" id="{3f24667b-11f6-4910-a160-c92ad61358d8}" />
      </MissingDependency>
      <MissingDependency>
        <Required type="2" schemaName="opportunityratingcode" displayName="Classificação" parentSchemaName="opportunity" parentDisplayName="Oportunidade" solution="msdynce_Sales (9.0.4.0076)">
          <package>msdynce_SalesAnchor (9.0.23031.10001)</package>
        </Required>
        <Dependent type="60" displayName="Informações" parentDisplayName="Oportunidade" id="{a2a56263-ec37-4991-a3b0-e7b37a71d818}" />
      </MissingDependency>
      <MissingDependency>
        <Required type="2" schemaName="originatingleadid" displayName="Cliente Potencial Originador" parentSchemaName="opportunity" parentDisplayName="Oportunidade" solution="msdynce_Sales (9.0.4.0076)">
          <package>msdynce_SalesAnchor (9.0.23031.10001)</package>
        </Required>
        <Dependent type="60" displayName="Informações" parentDisplayName="Oportunidade" id="{a2a56263-ec37-4991-a3b0-e7b37a71d818}" />
      </MissingDependency>
      <MissingDependency>
        <Required type="2" schemaName="ownerid" displayName="Owner" parentSchemaName="opportunity" parentDisplayName="Oportunidade" solution="msdynce_Sales (9.0.4.0076)">
          <package>msdynce_SalesAnchor (9.0.23031.10001)</package>
        </Required>
        <Dependent type="60" displayName="Informações" parentDisplayName="Oportunidade" id="{a2a56263-ec37-4991-a3b0-e7b37a71d818}" />
      </MissingDependency>
      <MissingDependency>
        <Required type="2" schemaName="ownerid" displayName="Owner" parentSchemaName="opportunity" parentDisplayName="Oportunidade" solution="msdynce_Sales (9.0.4.0076)">
          <package>msdynce_SalesAnchor (9.0.23031.10001)</package>
        </Required>
        <Dependent type="60" displayName="Opportunity" parentDisplayName="Oportunidade" id="{a837e4a7-01b8-4f82-a475-be9abd67e667}" />
      </MissingDependency>
      <MissingDependency>
        <Required type="2" schemaName="parentaccountid" displayName="Conta" parentSchemaName="opportunity" parentDisplayName="Oportunidade" solution="msdynce_Sales (9.0.4.0076)">
          <package>msdynce_SalesAnchor (9.0.23031.10001)</package>
        </Required>
        <Dependent type="60" displayName="Opportunity" parentDisplayName="Oportunidade" id="{a837e4a7-01b8-4f82-a475-be9abd67e667}" />
      </MissingDependency>
      <MissingDependency>
        <Required type="2" schemaName="parentcontactid" displayName="Contato" parentSchemaName="opportunity" parentDisplayName="Oportunidade" solution="msdynce_Sales (9.0.4.0076)">
          <package>msdynce_SalesAnchor (9.0.23031.10001)</package>
        </Required>
        <Dependent type="60" displayName="Opportunity" parentDisplayName="Oportunidade" id="{a837e4a7-01b8-4f82-a475-be9abd67e667}" />
      </MissingDependency>
      <MissingDependency>
        <Required type="2" schemaName="pricelevelid" displayName="Lista de Preços" parentSchemaName="opportunity" parentDisplayName="Oportunidade" solution="msdynce_Sales (9.0.4.0076)">
          <package>msdynce_SalesAnchor (9.0.23031.10001)</package>
        </Required>
        <Dependent type="60" displayName="Informações" parentDisplayName="Oportunidade" id="{a2a56263-ec37-4991-a3b0-e7b37a71d818}" />
      </MissingDependency>
      <MissingDependency>
        <Required type="2" schemaName="pricelevelid" displayName="Lista de Preços" parentSchemaName="opportunity" parentDisplayName="Oportunidade" solution="msdynce_Sales (9.0.4.0076)">
          <package>msdynce_SalesAnchor (9.0.23031.10001)</package>
        </Required>
        <Dependent type="60" displayName="Opportunity" parentDisplayName="Oportunidade" id="{a837e4a7-01b8-4f82-a475-be9abd67e667}" />
      </MissingDependency>
      <MissingDependency>
        <Required type="2" schemaName="proposedsolution" displayName="Solução Proposta" parentSchemaName="opportunity" parentDisplayName="Oportunidade" solution="msdynce_Sales (9.0.4.0076)">
          <package>msdynce_SalesAnchor (9.0.23031.10001)</package>
        </Required>
        <Dependent type="60" displayName="Opportunity" parentDisplayName="Oportunidade" id="{a837e4a7-01b8-4f82-a475-be9abd67e667}" />
      </MissingDependency>
      <MissingDependency>
        <Required type="2" schemaName="purchaseprocess" displayName="Processo de Compra" parentSchemaName="opportunity" parentDisplayName="Oportunidade" solution="msdynce_Sales (9.0.4.0076)">
          <package>msdynce_SalesAnchor (9.0.23031.10001)</package>
        </Required>
        <Dependent type="60" displayName="Opportunity" parentDisplayName="Oportunidade" id="{a837e4a7-01b8-4f82-a475-be9abd67e667}" />
      </MissingDependency>
      <MissingDependency>
        <Required type="2" schemaName="purchasetimeframe" displayName="Período de Tempo da Compra" parentSchemaName="opportunity" parentDisplayName="Oportunidade" solution="msdynce_Sales (9.0.4.0076)">
          <package>msdynce_SalesAnchor (9.0.23031.10001)</package>
        </Required>
        <Dependent type="60" displayName="Opportunity" parentDisplayName="Oportunidade" id="{a837e4a7-01b8-4f82-a475-be9abd67e667}" />
      </MissingDependency>
      <MissingDependency>
        <Required type="2" schemaName="statuscode" displayName="Razão do Status" parentSchemaName="opportunity" parentDisplayName="Oportunidade" solution="msdynce_Sales (9.0.4.0076)">
          <package>msdynce_SalesAnchor (9.0.23031.10001)</package>
        </Required>
        <Dependent type="60" displayName="Informações" parentDisplayName="Oportunidade" id="{a2a56263-ec37-4991-a3b0-e7b37a71d818}" />
      </MissingDependency>
      <MissingDependency>
        <Required type="2" schemaName="statuscode" displayName="Razão do Status" parentSchemaName="opportunity" parentDisplayName="Oportunidade" solution="msdynce_Sales (9.0.4.0076)">
          <package>msdynce_SalesAnchor (9.0.23031.10001)</package>
        </Required>
        <Dependent type="60" displayName="Opportunity" parentDisplayName="Oportunidade" id="{a837e4a7-01b8-4f82-a475-be9abd67e667}" />
      </MissingDependency>
      <MissingDependency>
        <Required type="2" schemaName="totalamount" displayName="Valor Total" parentSchemaName="opportunity" parentDisplayName="Oportunidade" solution="msdynce_Sales (9.0.4.0076)">
          <package>msdynce_SalesAnchor (9.0.23031.10001)</package>
        </Required>
        <Dependent type="60" displayName="Informações" parentDisplayName="Oportunidade" id="{a2a56263-ec37-4991-a3b0-e7b37a71d818}" />
      </MissingDependency>
      <MissingDependency>
        <Required type="2" schemaName="totalamount" displayName="Valor Total" parentSchemaName="opportunity" parentDisplayName="Oportunidade" solution="msdynce_Sales (9.0.4.0076)">
          <package>msdynce_SalesAnchor (9.0.23031.10001)</package>
        </Required>
        <Dependent type="60" displayName="Opportunity" parentDisplayName="Oportunidade" id="{a837e4a7-01b8-4f82-a475-be9abd67e667}" />
      </MissingDependency>
      <MissingDependency>
        <Required type="2" schemaName="totalamountlessfreight" displayName="Valor Total sem Frete" parentSchemaName="opportunity" parentDisplayName="Oportunidade" solution="msdynce_Sales (9.0.4.0076)">
          <package>msdynce_SalesAnchor (9.0.23031.10001)</package>
        </Required>
        <Dependent type="60" displayName="Informações" parentDisplayName="Oportunidade" id="{a2a56263-ec37-4991-a3b0-e7b37a71d818}" />
      </MissingDependency>
      <MissingDependency>
        <Required type="2" schemaName="totalamountlessfreight" displayName="Valor Total sem Frete" parentSchemaName="opportunity" parentDisplayName="Oportunidade" solution="msdynce_Sales (9.0.4.0076)">
          <package>msdynce_SalesAnchor (9.0.23031.10001)</package>
        </Required>
        <Dependent type="60" displayName="Opportunity" parentDisplayName="Oportunidade" id="{a837e4a7-01b8-4f82-a475-be9abd67e667}" />
      </MissingDependency>
      <MissingDependency>
        <Required type="2" schemaName="totallineitemamount" displayName="Valor Total Detalhado" parentSchemaName="opportunity" parentDisplayName="Oportunidade" solution="msdynce_Sales (9.0.4.0076)">
          <package>msdynce_SalesAnchor (9.0.23031.10001)</package>
        </Required>
        <Dependent type="60" displayName="Informações" parentDisplayName="Oportunidade" id="{a2a56263-ec37-4991-a3b0-e7b37a71d818}" />
      </MissingDependency>
      <MissingDependency>
        <Required type="2" schemaName="totallineitemamount" displayName="Valor Total Detalhado" parentSchemaName="opportunity" parentDisplayName="Oportunidade" solution="msdynce_Sales (9.0.4.0076)">
          <package>msdynce_SalesAnchor (9.0.23031.10001)</package>
        </Required>
        <Dependent type="60" displayName="Opportunity" parentDisplayName="Oportunidade" id="{a837e4a7-01b8-4f82-a475-be9abd67e667}" />
      </MissingDependency>
      <MissingDependency>
        <Required type="2" schemaName="totaltax" displayName="Total de Impostos" parentSchemaName="opportunity" parentDisplayName="Oportunidade" solution="msdynce_Sales (9.0.4.0076)">
          <package>msdynce_SalesAnchor (9.0.23031.10001)</package>
        </Required>
        <Dependent type="60" displayName="Informações" parentDisplayName="Oportunidade" id="{a2a56263-ec37-4991-a3b0-e7b37a71d818}" />
      </MissingDependency>
      <MissingDependency>
        <Required type="2" schemaName="totaltax" displayName="Total de Impostos" parentSchemaName="opportunity" parentDisplayName="Oportunidade" solution="msdynce_Sales (9.0.4.0076)">
          <package>msdynce_SalesAnchor (9.0.23031.10001)</package>
        </Required>
        <Dependent type="60" displayName="Opportunity" parentDisplayName="Oportunidade" id="{a837e4a7-01b8-4f82-a475-be9abd67e667}" />
      </MissingDependency>
      <MissingDependency>
        <Required type="2" schemaName="transactioncurrencyid" displayName="Moeda" parentSchemaName="opportunity" parentDisplayName="Oportunidade" solution="msdynce_Sales (9.0.4.0076)">
          <package>msdynce_SalesAnchor (9.0.23031.10001)</package>
        </Required>
        <Dependent type="60" displayName="Informações" parentDisplayName="Oportunidade" id="{a2a56263-ec37-4991-a3b0-e7b37a71d818}" />
      </MissingDependency>
      <MissingDependency>
        <Required type="2" schemaName="transactioncurrencyid" displayName="Moeda" parentSchemaName="opportunity" parentDisplayName="Oportunidade" solution="msdynce_Sales (9.0.4.0076)">
          <package>msdynce_SalesAnchor (9.0.23031.10001)</package>
        </Required>
        <Dependent type="60" displayName="Opportunity" parentDisplayName="Oportunidade" id="{a837e4a7-01b8-4f82-a475-be9abd67e667}" />
      </MissingDependency>
      <MissingDependency>
        <Required type="2" schemaName="parentbundleidref" displayName="Pacote de produtos principal" parentSchemaName="opportunityproduct" parentDisplayName="Produto da Oportunidade" solution="msdynce_SalesPatch (9.0.1904.3002)">
          <package>msdynce_SalesAnchor (9.0.23031.10001)</package>
        </Required>
        <Dependent type="60" displayName="Opportunity" parentDisplayName="Oportunidade" id="{a837e4a7-01b8-4f82-a475-be9abd67e667}" />
      </MissingDependency>
      <MissingDependency>
        <Required type="2" schemaName="currentcost" displayName="Custo Atual" parentSchemaName="product" parentDisplayName="Produto" solution="msdynce_ProductManagement (9.0.4.0066)">
          <package>msdynce_ProductManagementAnchor (9.0.23031.10001)</package>
        </Required>
        <Dependent type="60" displayName="Produto" parentDisplayName="Produto" id="{a640be62-63f6-4027-90d7-48c014a7c6f3}" />
      </MissingDependency>
      <MissingDependency>
        <Required type="2" schemaName="defaultuomid" displayName="Unidade Padrão" parentSchemaName="product" parentDisplayName="Produto" solution="msdynce_ProductManagement (9.0.4.0066)">
          <package>msdynce_ProductManagementAnchor (9.0.23031.10001)</package>
        </Required>
        <Dependent type="60" displayName="Produto" parentDisplayName="Produto" id="{a640be62-63f6-4027-90d7-48c014a7c6f3}" />
      </MissingDependency>
      <MissingDependency>
        <Required type="2" schemaName="defaultuomscheduleid" displayName="Grupo de Unidades" parentSchemaName="product" parentDisplayName="Produto" solution="msdynce_ProductManagement (9.0.4.0066)">
          <package>msdynce_ProductManagementAnchor (9.0.23031.10001)</package>
        </Required>
        <Dependent type="60" displayName="Produto" parentDisplayName="Produto" id="{a640be62-63f6-4027-90d7-48c014a7c6f3}" />
      </MissingDependency>
      <MissingDependency>
        <Required type="2" schemaName="description" displayName="Descrição" parentSchemaName="product" parentDisplayName="Produto" solution="msdynce_ProductManagement (9.0.4.0066)">
          <package>msdynce_ProductManagementAnchor (9.0.23031.10001)</package>
        </Required>
        <Dependent type="60" displayName="Produto" parentDisplayName="Produto" id="{a640be62-63f6-4027-90d7-48c014a7c6f3}" />
      </MissingDependency>
      <MissingDependency>
        <Required type="2" schemaName="name" displayName="Nome" parentSchemaName="product" parentDisplayName="Produto" solution="msdynce_ProductManagement (9.0.4.0066)">
          <package>msdynce_ProductManagementAnchor (9.0.23031.10001)</package>
        </Required>
        <Dependent type="60" displayName="Produto" parentDisplayName="Produto" id="{a640be62-63f6-4027-90d7-48c014a7c6f3}" />
      </MissingDependency>
      <MissingDependency>
        <Required type="2" schemaName="parentproductid" displayName="Primário" parentSchemaName="product" parentDisplayName="Produto" solution="msdynce_ProductManagement (9.0.4.0066)">
          <package>msdynce_ProductManagementAnchor (9.0.23031.10001)</package>
        </Required>
        <Dependent type="60" displayName="Produto" parentDisplayName="Produto" id="{a640be62-63f6-4027-90d7-48c014a7c6f3}" />
      </MissingDependency>
      <MissingDependency>
        <Required type="2" schemaName="price" displayName="Preço de Lista" parentSchemaName="product" parentDisplayName="Produto" solution="msdynce_ProductManagement (9.0.4.0066)">
          <package>msdynce_ProductManagementAnchor (9.0.23031.10001)</package>
        </Required>
        <Dependent type="60" displayName="Produto" parentDisplayName="Produto" id="{a640be62-63f6-4027-90d7-48c014a7c6f3}" />
      </MissingDependency>
      <MissingDependency>
        <Required type="2" schemaName="pricelevelid" displayName="Lista de Preços Padrão" parentSchemaName="product" parentDisplayName="Produto" solution="msdynce_ProductManagement (9.0.4.0066)">
          <package>msdynce_ProductManagementAnchor (9.0.23031.10001)</package>
        </Required>
        <Dependent type="60" displayName="Produto" parentDisplayName="Produto" id="{a640be62-63f6-4027-90d7-48c014a7c6f3}" />
      </MissingDependency>
      <MissingDependency>
        <Required type="2" schemaName="productnumber" displayName="ID do produto (product ID)" parentSchemaName="product" parentDisplayName="Produto" solution="msdynce_ProductManagement (9.0.4.0066)">
          <package>msdynce_ProductManagementAnchor (9.0.23031.10001)</package>
        </Required>
        <Dependent type="60" displayName="Produto" parentDisplayName="Produto" id="{a640be62-63f6-4027-90d7-48c014a7c6f3}" />
      </MissingDependency>
      <MissingDependency>
        <Required type="2" schemaName="quantitydecimal" displayName="Oferece Suporte a Decimais" parentSchemaName="product" parentDisplayName="Produto" solution="msdynce_ProductManagement (9.0.4.0066)">
          <package>msdynce_ProductManagementAnchor (9.0.23031.10001)</package>
        </Required>
        <Dependent type="60" displayName="Produto" parentDisplayName="Produto" id="{a640be62-63f6-4027-90d7-48c014a7c6f3}" />
      </MissingDependency>
      <MissingDependency>
        <Required type="2" schemaName="standardcost" displayName="Custo Padrão" parentSchemaName="product" parentDisplayName="Produto" solution="msdynce_ProductManagement (9.0.4.0066)">
          <package>msdynce_ProductManagementAnchor (9.0.23031.10001)</package>
        </Required>
        <Dependent type="60" displayName="Produto" parentDisplayName="Produto" id="{a640be62-63f6-4027-90d7-48c014a7c6f3}" />
      </MissingDependency>
      <MissingDependency>
        <Required type="2" schemaName="statecode" displayName="Status" parentSchemaName="product" parentDisplayName="Produto" solution="msdynce_ProductManagement (9.0.4.0066)">
          <package>msdynce_ProductManagementAnchor (9.0.23031.10001)</package>
        </Required>
        <Dependent type="60" displayName="Produto" parentDisplayName="Produto" id="{a640be62-63f6-4027-90d7-48c014a7c6f3}" />
      </MissingDependency>
      <MissingDependency>
        <Required type="2" schemaName="subjectid" displayName="Assunto" parentSchemaName="product" parentDisplayName="Produto" solution="msdynce_ProductManagement (9.0.4.0066)">
          <package>msdynce_ProductManagementAnchor (9.0.23031.10001)</package>
        </Required>
        <Dependent type="60" displayName="Produto" parentDisplayName="Produto" id="{a640be62-63f6-4027-90d7-48c014a7c6f3}" />
      </MissingDependency>
      <MissingDependency>
        <Required type="2" schemaName="validfromdate" displayName="Válido a Partir de" parentSchemaName="product" parentDisplayName="Produto" solution="msdynce_ProductManagement (9.0.4.0066)">
          <package>msdynce_ProductManagementAnchor (9.0.23031.10001)</package>
        </Required>
        <Dependent type="60" displayName="Produto" parentDisplayName="Produto" id="{a640be62-63f6-4027-90d7-48c014a7c6f3}" />
      </MissingDependency>
      <MissingDependency>
        <Required type="2" schemaName="validtodate" displayName="Válido até" parentSchemaName="product" parentDisplayName="Produto" solution="msdynce_ProductManagement (9.0.4.0066)">
          <package>msdynce_ProductManagementAnchor (9.0.23031.10001)</package>
        </Required>
        <Dependent type="60" displayName="Produto" parentDisplayName="Produto" id="{a640be62-63f6-4027-90d7-48c014a7c6f3}" />
      </MissingDependency>
      <MissingDependency>
        <Required type="2" schemaName="quoteid" displayName="Cotação" parentSchemaName="quotedetail" parentDisplayName="Produto da Cotação" solution="msdynce_Sales (9.0.4.0076)">
          <package>msdynce_SalesAnchor (9.0.23031.10001)</package>
        </Required>
        <Dependent type="2" schemaName="quoteid" displayName="Cotação" parentSchemaName="quotedetail" parentDisplayName="Produto da Cotação" />
      </MissingDependency>
      <MissingDependency>
        <Required type="26" schemaName="Minhas Ocorrências Ativas" displayName="Minhas Ocorrências Ativas" parentSchemaName="incident" parentDisplayName="Ocorrência" solution="msdynce_Service (9.0.5.56)" id="{00000000-0000-0000-00aa-000010001028}">
          <package>msdynce_ServiceAnchor (9.0.23023.1013)</package>
        </Required>
        <Dependent type="60" displayName="Contact" parentDisplayName="Contato" id="{1fed44d1-ae68-4a41-bd2b-f13acac4acfa}" />
      </MissingDependency>
      <MissingDependency>
        <Required type="26" schemaName="Minhas Oportunidades Abertas" displayName="Minhas Oportunidades Abertas" parentSchemaName="opportunity" parentDisplayName="Oportunidade" solution="msdynce_Sales (9.0.4.0076)" id="{00000000-0000-0000-00aa-000010003000}">
          <package>msdynce_SalesAnchor (9.0.23031.10001)</package>
        </Required>
        <Dependent type="60" displayName="Contact" parentDisplayName="Contato" id="{1fed44d1-ae68-4a41-bd2b-f13acac4acfa}" />
      </MissingDependency>
      <MissingDependency>
        <Required type="26" schemaName="Minhas Oportunidades Abertas" displayName="Minhas Oportunidades Abertas" parentSchemaName="opportunity" parentDisplayName="Oportunidade" solution="msdynce_Sales (9.0.4.0076)" id="{00000000-0000-0000-00aa-000010003000}">
          <package>msdynce_SalesAnchor (9.0.23031.10001)</package>
        </Required>
        <Dependent type="60" displayName="Sales Insights" parentDisplayName="Conta" id="{cb430327-bcc1-416d-959d-db7592e685af}" />
      </MissingDependency>
      <MissingDependency>
        <Required type="26" schemaName="Exibição de Edições Embutidas do Produto da Oportunidade" displayName="Exibição de Edições Embutidas do Produto da Oportunidade" parentSchemaName="opportunityproduct" parentDisplayName="Produto da Oportunidade" solution="msdynce_Sales (9.0.4.0076)" id="{01010de7-749e-4fe6-8037-aca560a4fcbe}">
          <package>msdynce_SalesAnchor (9.0.23031.10001)</package>
        </Required>
        <Dependent type="60" displayName="Informações" parentDisplayName="Oportunidade" id="{a2a56263-ec37-4991-a3b0-e7b37a71d818}" />
      </MissingDependency>
      <MissingDependency>
        <Required type="26" schemaName="Exibição de Edições Embutidas do Produto da Oportunidade" displayName="Exibição de Edições Embutidas do Produto da Oportunidade" parentSchemaName="opportunityproduct" parentDisplayName="Produto da Oportunidade" solution="msdynce_Sales (9.0.4.0076)" id="{01010de7-749e-4fe6-8037-aca560a4fcbe}">
          <package>msdynce_SalesAnchor (9.0.23031.10001)</package>
        </Required>
        <Dependent type="60" displayName="Opportunity" parentDisplayName="Oportunidade" id="{a837e4a7-01b8-4f82-a475-be9abd67e667}" />
      </MissingDependency>
      <MissingDependency>
        <Required type="26" schemaName="Lista de Preços de Produtos Estendida - Produtos" displayName="Lista de Preços de Produtos Estendida - Produtos" parentSchemaName="productpricelevel" parentDisplayName="Item da Lista de Preços" solution="msdynce_ProductManagement (9.0.4.0066)" id="{19103072-cd05-42c7-b174-f981d33b8beb}">
          <package>msdynce_ProductManagementAnchor (9.0.23031.10001)</package>
        </Required>
        <Dependent type="60" displayName="Produto" parentDisplayName="Produto" id="{a640be62-63f6-4027-90d7-48c014a7c6f3}" />
      </MissingDependency>
      <MissingDependency>
        <Required type="26" schemaName="Exibição de Pesquisa de Família de Produtos" displayName="Exibição de Pesquisa de Família de Produtos" parentSchemaName="product" parentDisplayName="Produto" solution="msdynce_ProductManagement (9.0.4.0066)" id="{19d7f2e0-e427-40fb-85e8-53e7cef2b166}">
          <package>msdynce_ProductManagementAnchor (9.0.23031.10001)</package>
        </Required>
        <Dependent type="60" displayName="Produto" parentDisplayName="Produto" id="{a640be62-63f6-4027-90d7-48c014a7c6f3}" />
      </MissingDependency>
      <MissingDependency>
        <Required type="26" schemaName="Listas de Preços Ativas" displayName="Listas de Preços Ativas" parentSchemaName="pricelevel" parentDisplayName="Lista de Preços" solution="msdynce_ProductManagement (9.0.4.0066)" id="{2261e01b-b7e6-433a-8d6d-f1fd6ac9f70f}">
          <package>msdynce_ProductManagementAnchor (9.0.23031.10001)</package>
        </Required>
        <Dependent type="60" displayName="Produto" parentDisplayName="Produto" id="{a640be62-63f6-4027-90d7-48c014a7c6f3}" />
      </MissingDependency>
      <MissingDependency>
        <Required type="26" schemaName="Exibição de Pesquisa de Grupos de Unidades" displayName="Exibição de Pesquisa de Grupos de Unidades" parentSchemaName="uomschedule" parentDisplayName="Grupo de Unidades" solution="msdynce_ProductManagement (9.0.4.0066)" id="{2d013a3a-07cd-4163-8208-8e8e605492f4}">
          <package>msdynce_ProductManagementAnchor (9.0.23031.10001)</package>
        </Required>
        <Dependent type="60" displayName="Produto" parentDisplayName="Produto" id="{a640be62-63f6-4027-90d7-48c014a7c6f3}" />
      </MissingDependency>
      <MissingDependency>
        <Required type="26" schemaName="Todos os Relacionamentos de Produtos" displayName="Todos os Relacionamentos de Produtos" parentSchemaName="productsubstitute" parentDisplayName="Relacionamento de Produto" solution="msdynce_ProductManagement (9.0.4.0066)" id="{400c861d-f355-42b2-9899-2b3196cbd71f}">
          <package>msdynce_ProductManagementAnchor (9.0.23031.10001)</package>
        </Required>
        <Dependent type="60" displayName="Produto" parentDisplayName="Produto" id="{a640be62-63f6-4027-90d7-48c014a7c6f3}" />
      </MissingDependency>
      <MissingDependency>
        <Required type="26" schemaName="Exibição de Pesquisa de Unidades do Grupo de Unidades" displayName="Exibição de Pesquisa de Unidades do Grupo de Unidades" parentSchemaName="uom" parentDisplayName="Unidade" solution="msdynce_ProductManagement (9.0.4.0066)" id="{4da6f46b-3649-4d0e-b5d2-ccb590f4227d}">
          <package>msdynce_ProductManagementAnchor (9.0.23031.10001)</package>
        </Required>
        <Dependent type="60" displayName="Produto" parentDisplayName="Produto" id="{a640be62-63f6-4027-90d7-48c014a7c6f3}" />
      </MissingDependency>
      <MissingDependency>
        <Required type="26" schemaName="Todos os Concorrentes (resumo)" displayName="Todos os Concorrentes (resumo)" parentSchemaName="competitor" parentDisplayName="Concorrente" solution="msdynce_Sales (9.0.4.0076)" id="{57bca9ac-87a0-4c28-adc8-2d0a4645f29e}">
          <package>msdynce_SalesAnchor (9.0.23031.10001)</package>
        </Required>
        <Dependent type="60" displayName="Opportunity" parentDisplayName="Oportunidade" id="{a837e4a7-01b8-4f82-a475-be9abd67e667}" />
      </MissingDependency>
      <MissingDependency>
        <Required type="26" schemaName="Cotações de Oportunidades" displayName="Cotações de Oportunidades" parentSchemaName="quote" parentDisplayName="Cotação" solution="msdynce_Sales (9.0.4.0076)" id="{61a4c932-d775-e211-b420-00155d806600}">
          <package>msdynce_SalesAnchor (9.0.23031.10001)</package>
        </Required>
        <Dependent type="60" displayName="Opportunity" parentDisplayName="Oportunidade" id="{a837e4a7-01b8-4f82-a475-be9abd67e667}" />
      </MissingDependency>
      <MissingDependency>
        <Required type="26" schemaName="Propriedades – Famílias de Produtos" displayName="Propriedades – Famílias de Produtos" parentSchemaName="dynamicproperty" parentDisplayName="Propriedade" solution="msdynce_ProductManagement (9.0.4.0066)" id="{63abc191-f333-47e1-9f3f-ef1cbf8df1c0}">
          <package>msdynce_ProductManagementAnchor (9.0.23031.10001)</package>
        </Required>
        <Dependent type="60" displayName="Produto" parentDisplayName="Produto" id="{a640be62-63f6-4027-90d7-48c014a7c6f3}" />
      </MissingDependency>
      <MissingDependency>
        <Required type="26" schemaName="Exibição Associada de Cotações" displayName="Exibição Associada de Cotações" parentSchemaName="quote" parentDisplayName="Cotação" solution="msdynce_Sales (9.0.4.0076)" id="{642095db-91dd-4813-bb31-665a3a2bae61}">
          <package>msdynce_SalesAnchor (9.0.23031.10001)</package>
        </Required>
        <Dependent type="60" displayName="Informações" parentDisplayName="Oportunidade" id="{a2a56263-ec37-4991-a3b0-e7b37a71d818}" />
      </MissingDependency>
      <MissingDependency>
        <Required type="26" schemaName="Exibição Associada de Associação do Produto" displayName="Exibição Associada de Associação do Produto" parentSchemaName="productassociation" parentDisplayName="Associação do Produto" solution="msdynce_ProductManagement (9.0.4.0066)" id="{8f4f0419-a73a-4ac5-b59b-38fe04f21336}">
          <package>msdynce_ProductManagementAnchor (9.0.23031.10001)</package>
        </Required>
        <Dependent type="60" displayName="Produto" parentDisplayName="Produto" id="{a640be62-63f6-4027-90d7-48c014a7c6f3}" />
      </MissingDependency>
      <MissingDependency>
        <Required type="26" schemaName="Oportunidades Recentes" displayName="Oportunidades Recentes" parentSchemaName="opportunity" parentDisplayName="Oportunidade" solution="msdynce_Sales (9.0.4.0076)" id="{9c3f7ee8-eca7-e211-9fb6-00155dd0ea05}">
          <package>msdynce_SalesAnchor (9.0.23031.10001)</package>
        </Required>
        <Dependent type="60" displayName="Contact" parentDisplayName="Contato" id="{1fed44d1-ae68-4a41-bd2b-f13acac4acfa}" />
      </MissingDependency>
      <MissingDependency>
        <Required type="26" schemaName="Oportunidades Recentes" displayName="Oportunidades Recentes" parentSchemaName="opportunity" parentDisplayName="Oportunidade" solution="msdynce_Sales (9.0.4.0076)" id="{9c3f7ee8-eca7-e211-9fb6-00155dd0ea05}">
          <package>msdynce_SalesAnchor (9.0.23031.10001)</package>
        </Required>
        <Dependent type="60" displayName="Sales Insights" parentDisplayName="Conta" id="{cb430327-bcc1-416d-959d-db7592e685af}" />
      </MissingDependency>
      <MissingDependency>
        <Required type="26" schemaName="Todos os Direitos" displayName="Todos os Direitos" parentSchemaName="entitlement" parentDisplayName="Direito" solution="msdynce_Service (9.0.5.56)" id="{aa69e7e2-913a-4a5a-8609-8ca443554909}">
          <package>msdynce_ServiceAnchor (9.0.23023.1013)</package>
        </Required>
        <Dependent type="60" displayName="Contact" parentDisplayName="Contato" id="{1fed44d1-ae68-4a41-bd2b-f13acac4acfa}" />
      </MissingDependency>
      <MissingDependency>
        <Required type="26" schemaName="Exibição de Edições Embutidas do Produto da Oportunidade: produtos do pacote" displayName="Exibição de Edições Embutidas do Produto da Oportunidade: produtos do pacote" parentSchemaName="opportunityproduct" parentDisplayName="Produto da Oportunidade" solution="msdynce_SalesPatch (9.0.1904.3002)" id="{e175dfbf-8eae-4af2-9dd2-68c43c14d40f}">
          <package>msdynce_SalesAnchor (9.0.23031.10001)</package>
        </Required>
        <Dependent type="60" displayName="Opportunity" parentDisplayName="Oportunidade" id="{a837e4a7-01b8-4f82-a475-be9abd67e667}" />
      </MissingDependency>
      <MissingDependency>
        <Required type="26" schemaName="Ocorrências Recentes" displayName="Ocorrências Recentes" parentSchemaName="incident" parentDisplayName="Ocorrência" solution="msdynce_Service (9.0.5.56)" id="{ebd1d24a-eea7-e211-9fb6-00155dd0ea05}">
          <package>msdynce_ServiceAnchor (9.0.23023.1013)</package>
        </Required>
        <Dependent type="60" displayName="Contact" parentDisplayName="Contato" id="{1fed44d1-ae68-4a41-bd2b-f13acac4acfa}" />
      </MissingDependency>
      <MissingDependency>
        <Required type="59" schemaName="Principais Clientes" displayName="Principais Clientes" parentSchemaName="opportunity" parentDisplayName="Oportunidade" solution="msdynce_Sales (9.0.4.0076)" id="{8bc5fb18-48f2-4782-9e16-3d452fa4ddce}">
          <package>msdynce_SalesAnchor (9.0.23031.10001)</package>
        </Required>
        <Dependent type="60" displayName="Contact" parentDisplayName="Contato" id="{1fed44d1-ae68-4a41-bd2b-f13acac4acfa}" />
      </MissingDependency>
      <MissingDependency>
        <Required type="59" schemaName="Principais Clientes" displayName="Principais Clientes" parentSchemaName="opportunity" parentDisplayName="Oportunidade" solution="msdynce_Sales (9.0.4.0076)" id="{8bc5fb18-48f2-4782-9e16-3d452fa4ddce}">
          <package>msdynce_SalesAnchor (9.0.23031.10001)</package>
        </Required>
        <Dependent type="60" displayName="Sales Insights" parentDisplayName="Conta" id="{cb430327-bcc1-416d-959d-db7592e685af}" />
      </MissingDependency>
      <MissingDependency>
        <Required type="59" schemaName="Combinação de Ocorrências (por Unidade de Negócios)" displayName="Combinação de Ocorrências (por Unidade de Negócios)" parentSchemaName="incident" parentDisplayName="Ocorrência" solution="msdynce_Service (9.0.5.56)" id="{f10375a6-4893-de11-97d4-00155da3b01e}">
          <package>msdynce_ServiceAnchor (9.0.23023.1013)</package>
        </Required>
        <Dependent type="60" displayName="Contact" parentDisplayName="Contato" id="{1fed44d1-ae68-4a41-bd2b-f13acac4acfa}" />
      </MissingDependency>
      <MissingDependency>
        <Required type="59" schemaName="Expiração de Direitos" displayName="Expiração de Direitos" parentSchemaName="entitlement" parentDisplayName="Direito" solution="msdynce_Service (9.0.5.56)" id="{fdb919bb-c6fc-4fc8-8fa5-67ace68e41d1}">
          <package>msdynce_ServiceAnchor (9.0.23023.1013)</package>
        </Required>
        <Dependent type="60" displayName="Contact" parentDisplayName="Contato" id="{1fed44d1-ae68-4a41-bd2b-f13acac4acfa}" />
      </MissingDependency>
      <MissingDependency>
        <Required type="60" displayName="Contact" parentDisplayName="Contato" solution="msdynce_AppCommon (9.0.4.0066)" id="{1fed44d1-ae68-4a41-bd2b-f13acac4acfa}">
          <package>msdynce_AppCommonAnchor (9.0.23031.10001)</package>
        </Required>
        <Dependent type="60" displayName="Contact" parentDisplayName="Contato" id="{1fed44d1-ae68-4a41-bd2b-f13acac4acfa}" />
      </MissingDependency>
      <MissingDependency>
        <Required type="60" displayName="cartão do contato da conta" parentDisplayName="Contato" solution="msdynce_AppCommon (9.0.4.0066)" id="{29de27bc-a257-4f29-99cf-bab4a84e688f}">
          <package>msdynce_AppCommonAnchor (9.0.23031.10001)</package>
        </Required>
        <Dependent type="60" displayName="Contact" parentDisplayName="Contato" id="{1fed44d1-ae68-4a41-bd2b-f13acac4acfa}" />
      </MissingDependency>
      <MissingDependency>
        <Required type="60" displayName="cartão do contato da conta" parentDisplayName="Contato" solution="msdynce_AppCommon (9.0.4.0066)" id="{29de27bc-a257-4f29-99cf-bab4a84e688f}">
          <package>msdynce_AppCommonAnchor (9.0.23031.10001)</package>
        </Required>
        <Dependent type="60" displayName="Sales Insights" parentDisplayName="Conta" id="{cb430327-bcc1-416d-959d-db7592e685af}" />
      </MissingDependency>
      <MissingDependency>
        <Required type="60" displayName="Avaliação do Sales" parentDisplayName="Oportunidade" solution="msdyn_SalesTrialApp (9.0.1.1157)" id="{3d863315-c806-41ba-9c8d-a8577bcaa131}" />
        <Dependent type="60" displayName="Avaliação do Sales" parentDisplayName="Oportunidade" id="{3d863315-c806-41ba-9c8d-a8577bcaa131}" />
      </MissingDependency>
      <MissingDependency>
        <Required type="60" displayName="Compromisso" parentDisplayName="Visita" solution="msdynce_Activities (9.0.1.2033)" id="{549a8aa3-c349-4ab9-8bac-4873fa9a7a5c}" />
        <Dependent type="60" displayName="Compromisso" parentDisplayName="Visita" id="{549a8aa3-c349-4ab9-8bac-4873fa9a7a5c}" />
      </MissingDependency>
      <MissingDependency>
        <Required type="60" displayName="Appointment quick create form." parentDisplayName="Visita" solution="msdynce_Activities (9.0.1.2033)" id="{5895e983-598b-4834-80f9-68a4e9f4f744}" />
        <Dependent type="60" displayName="Appointment quick create form." parentDisplayName="Visita" id="{5895e983-598b-4834-80f9-68a4e9f4f744}" />
      </MissingDependency>
      <MissingDependency>
        <Required type="60" displayName="Informações" parentDisplayName="Oportunidade" solution="msdynce_Sales (9.0.4.0076)" id="{a2a56263-ec37-4991-a3b0-e7b37a71d818}">
          <package>msdynce_SalesAnchor (9.0.23031.10001)</package>
        </Required>
        <Dependent type="60" displayName="Informações" parentDisplayName="Oportunidade" id="{a2a56263-ec37-4991-a3b0-e7b37a71d818}" />
      </MissingDependency>
      <MissingDependency>
        <Required type="60" displayName="Produto" parentDisplayName="Produto" solution="msdynce_ProductManagement (9.0.4.0066)" id="{a640be62-63f6-4027-90d7-48c014a7c6f3}">
          <package>msdynce_ProductManagementAnchor (9.0.23031.10001)</package>
        </Required>
        <Dependent type="60" displayName="Produto" parentDisplayName="Produto" id="{a640be62-63f6-4027-90d7-48c014a7c6f3}" />
      </MissingDependency>
      <MissingDependency>
        <Required type="60" displayName="Acompanhamento da Oportunidade" parentDisplayName="Oportunidade" solution="msdynce_Sales (9.0.4.0076)" id="{a769690f-c29a-4495-8f06-1349f81de627}">
          <package>msdynce_SalesAnchor (9.0.23031.10001)</package>
        </Required>
        <Dependent type="60" displayName="Acompanhamento da Oportunidade" parentDisplayName="Oportunidade" id="{a769690f-c29a-4495-8f06-1349f81de627}" />
      </MissingDependency>
      <MissingDependency>
        <Required type="60" displayName="Opportunity" parentDisplayName="Oportunidade" solution="msdynce_Sales (9.0.4.0076)" id="{a837e4a7-01b8-4f82-a475-be9abd67e667}">
          <package>msdynce_SalesAnchor (9.0.23031.10001)</package>
        </Required>
        <Dependent type="60" displayName="Opportunity" parentDisplayName="Oportunidade" id="{a837e4a7-01b8-4f82-a475-be9abd67e667}" />
      </MissingDependency>
      <MissingDependency>
        <Required type="60" displayName="Sales Insights" parentDisplayName="Conta" solution="SICommon (9.0.2.3617)" id="{cb430327-bcc1-416d-959d-db7592e685af}">
          <package>msdynce_SalesInsightsAnchor (9.0.23031.10002)</package>
        </Required>
        <Dependent type="60" displayName="Sales Insights" parentDisplayName="Conta" id="{cb430327-bcc1-416d-959d-db7592e685af}" />
      </MissingDependency>
      <MissingDependency>
        <Required type="61" schemaName="crfd6_msdyn_salestrial_formonload.js" displayName="crfd6_msdyn_salestrial_formonload.js" solution="msdyn_SalesTrialApp (9.0.1.1157)" />
        <Dependent type="60" displayName="Compromisso" parentDisplayName="Visita" id="{549a8aa3-c349-4ab9-8bac-4873fa9a7a5c}" />
      </MissingDependency>
      <MissingDependency>
        <Required type="61" schemaName="msdyn_/ACI/Scripts/ACILoader.js" displayName="msdyn_/ACI/Scripts/ACILoader.js" solution="RelationshipAnalytics (9.0.1.2311)" />
        <Dependent type="60" displayName="Sales Insights" parentDisplayName="Conta" id="{cb430327-bcc1-416d-959d-db7592e685af}" />
      </MissingDependency>
      <MissingDependency>
        <Required type="61" schemaName="msdyn_ci_activity_form" displayName="msdyn_ci_activity_form" solution="msdyn_Conversation_Intelligence (9.0.1.794)">
          <package>msdynce_SalesInsightsAnchor (9.0.23031.10002)</package>
        </Required>
        <Dependent type="60" displayName="Compromisso" parentDisplayName="Visita" id="{549a8aa3-c349-4ab9-8bac-4873fa9a7a5c}" />
      </MissingDependency>
      <MissingDependency>
        <Required type="61" schemaName="msdyn_SalesOmniChannel/SalesPhoneNumber.Library.js" displayName="msdyn_SalesOmniChannel/SalesPhoneNumber.Library.js" solution="msdyn_SalesOmniChannel (9.1.23031.10006)">
          <package>msdyn_AcceleratedSalesAnchor (9.1.23031.10006)</package>
        </Required>
        <Dependent type="60" displayName="Contact" parentDisplayName="Contato" id="{1fed44d1-ae68-4a41-bd2b-f13acac4acfa}" />
      </MissingDependency>
      <MissingDependency>
        <Required type="61" schemaName="msdyn_SalesOmniChannel/SalesPhoneNumber.Library.js" displayName="msdyn_SalesOmniChannel/SalesPhoneNumber.Library.js" solution="msdyn_SalesOmniChannel (9.1.23031.10006)">
          <package>msdyn_AcceleratedSalesAnchor (9.1.23031.10006)</package>
        </Required>
        <Dependent type="60" displayName="Sales Insights" parentDisplayName="Conta" id="{cb430327-bcc1-416d-959d-db7592e685af}" />
      </MissingDependency>
      <MissingDependency>
        <Required type="61" schemaName="msdyn_talkingpointsloader.js" displayName="msdyn_talkingpointsloader.js" solution="msdynce_Talkingpoints (9.0.1.701894)">
          <package>msdynce_SalesInsightsAnchor (9.0.23031.10002)</package>
        </Required>
        <Dependent type="60" displayName="Contact" parentDisplayName="Contato" id="{1fed44d1-ae68-4a41-bd2b-f13acac4acfa}" />
      </MissingDependency>
      <MissingDependency>
        <Required type="61" schemaName="Sales/ClientCommon/Sales_ClientCommon.js" displayName="Sales/ClientCommon/Sales_ClientCommon.js" solution="msdynce_Sales (9.0.4.0076)">
          <package>msdynce_SalesAnchor (9.0.23031.10001)</package>
        </Required>
        <Dependent type="60" displayName="Contact" parentDisplayName="Contato" id="{1fed44d1-ae68-4a41-bd2b-f13acac4acfa}" />
      </MissingDependency>
      <MissingDependency>
        <Required type="61" schemaName="Sales/Opportunity/Opportunity_main_system_library.js" displayName="Sales/Opportunity/Opportunity_main_system_library.js" solution="msdynce_Sales (9.0.4.0076)">
          <package>msdynce_SalesAnchor (9.0.23031.10001)</package>
        </Required>
        <Dependent type="60" displayName="Opportunity" parentDisplayName="Oportunidade" id="{a837e4a7-01b8-4f82-a475-be9abd67e667}" />
      </MissingDependency>
      <MissingDependency>
        <Required type="66" schemaName="CI.Controls.CallSummaryControlTwin" displayName="CI.Controls.CallSummaryControlTwin" solution="msdyn_Conversation_Intelligence (9.0.1.794)">
          <package>msdynce_SalesInsightsAnchor (9.0.23031.10002)</package>
        </Required>
        <Dependent type="60" displayName="Compromisso" parentDisplayName="Visita" id="{549a8aa3-c349-4ab9-8bac-4873fa9a7a5c}" />
      </MissingDependency>
      <MissingDependency>
        <Required type="66" schemaName="Intelligence.BusinessCardReaderControl.BusinessCardReader" displayName="Intelligence.BusinessCardReaderControl.BusinessCardReader" solution="BaseCustomControlsCore (9.0.2302.4011)" />
        <Dependent type="60" displayName="Contact" parentDisplayName="Contato" id="{1fed44d1-ae68-4a41-bd2b-f13acac4acfa}" />
      </MissingDependency>
      <MissingDependency>
        <Required type="66" schemaName="MscrmControls.AcceleratedSales.CadenceWidgetControl" displayName="MscrmControls.AcceleratedSales.CadenceWidgetControl" solution="msdyn_acceleratedsales (9.1.23031.10006)">
          <package>msdyn_AcceleratedSalesAnchor (9.1.23031.10006)</package>
        </Required>
        <Dependent type="60" displayName="Opportunity" parentDisplayName="Oportunidade" id="{a837e4a7-01b8-4f82-a475-be9abd67e667}" />
      </MissingDependency>
      <MissingDependency>
        <Required type="66" schemaName="MscrmControls.AcceleratedSales.CadenceWidgetControl" displayName="MscrmControls.AcceleratedSales.CadenceWidgetControl" solution="msdyn_acceleratedsales (9.1.23031.10006)">
          <package>msdyn_AcceleratedSalesAnchor (9.1.23031.10006)</package>
        </Required>
        <Dependent type="60" displayName="Sales Insights" parentDisplayName="Conta" id="{cb430327-bcc1-416d-959d-db7592e685af}" />
      </MissingDependency>
      <MissingDependency>
        <Required type="66" schemaName="MscrmControls.Activity.HyperlinkControlWithImage" displayName="MscrmControls.Activity.HyperlinkControlWithImage" solution="msdynce_ActivitiesPatch (9.0.23024.230217001)" />
        <Dependent type="60" displayName="Compromisso" parentDisplayName="Visita" id="{549a8aa3-c349-4ab9-8bac-4873fa9a7a5c}" />
      </MissingDependency>
      <MissingDependency>
        <Required type="66" schemaName="MscrmControls.CardFeedContainer.CardFeedContainer" displayName="MscrmControls.CardFeedContainer.CardFeedContainer" solution="BaseCustomControlsCore (9.0.2302.4011)" />
        <Dependent type="60" displayName="Contact" parentDisplayName="Contato" id="{1fed44d1-ae68-4a41-bd2b-f13acac4acfa}" />
      </MissingDependency>
      <MissingDependency>
        <Required type="66" schemaName="MscrmControls.CardFeedContainer.CardFeedContainer" displayName="MscrmControls.CardFeedContainer.CardFeedContainer" solution="BaseCustomControlsCore (9.0.2302.4011)" />
        <Dependent type="60" displayName="Opportunity" parentDisplayName="Oportunidade" id="{a837e4a7-01b8-4f82-a475-be9abd67e667}" />
      </MissingDependency>
      <MissingDependency>
        <Required type="66" schemaName="MscrmControls.CardFeedContainer.CardFeedContainer" displayName="MscrmControls.CardFeedContainer.CardFeedContainer" solution="BaseCustomControlsCore (9.0.2302.4011)" />
        <Dependent type="60" displayName="Sales Insights" parentDisplayName="Conta" id="{cb430327-bcc1-416d-959d-db7592e685af}" />
      </MissingDependency>
      <MissingDependency>
        <Required type="66" schemaName="MscrmControls.FieldControls.ToggleControl" displayName="MscrmControls.FieldControls.ToggleControl" solution="BaseCustomControlsCore (9.0.2302.4011)" />
        <Dependent type="60" displayName="Compromisso" parentDisplayName="Visita" id="{549a8aa3-c349-4ab9-8bac-4873fa9a7a5c}" />
      </MissingDependency>
      <MissingDependency>
        <Required type="66" schemaName="MscrmControls.Grid.GridControl" displayName="MscrmControls.Grid.GridControl" solution="BaseCustomControlsCore (9.0.2302.4011)" />
        <Dependent type="60" displayName="Opportunity" parentDisplayName="Oportunidade" id="{a837e4a7-01b8-4f82-a475-be9abd67e667}" />
      </MissingDependency>
      <MissingDependency>
        <Required type="66" schemaName="MscrmControls.Grid.ReadOnlyGrid" displayName="MscrmControls.Grid.ReadOnlyGrid" solution="BaseCustomControlsCore (9.0.2302.4011)" />
        <Dependent type="60" displayName="Opportunity" parentDisplayName="Oportunidade" id="{a837e4a7-01b8-4f82-a475-be9abd67e667}" />
      </MissingDependency>
      <MissingDependency>
        <Required type="66" schemaName="MscrmControls.RAContainer.RAControl" displayName="MscrmControls.RAContainer.RAControl" solution="RelationshipAnalytics (9.0.1.2311)" />
        <Dependent type="60" displayName="Sales Insights" parentDisplayName="Conta" id="{cb430327-bcc1-416d-959d-db7592e685af}" />
      </MissingDependency>
      <MissingDependency>
        <Required type="66" schemaName="MscrmControls.RAContainer.RAControlv2" displayName="MscrmControls.RAContainer.RAControlv2" solution="RelationshipAnalytics (9.0.1.2311)" />
        <Dependent type="60" displayName="Sales Insights" parentDisplayName="Conta" id="{cb430327-bcc1-416d-959d-db7592e685af}" />
      </MissingDependency>
      <MissingDependency>
        <Required type="66" schemaName="MscrmControls.RetrieveProperties.RetrievePropertiesControl" displayName="MscrmControls.RetrieveProperties.RetrievePropertiesControl" solution="msdynce_ProductManagementPatch (9.0.23031.10001)">
          <package>msdynce_ProductManagementAnchor (9.0.23031.10001)</package>
        </Required>
        <Dependent type="60" displayName="Produto" parentDisplayName="Produto" id="{a640be62-63f6-4027-90d7-48c014a7c6f3}" />
      </MissingDependency>
      <MissingDependency>
        <Required type="66" schemaName="MscrmControls.RichTextEditor.RichTextEditorControl" displayName="MscrmControls.RichTextEditor.RichTextEditorControl" solution="msdyn_RichTextEditor (1.0.0.2332)" />
        <Dependent type="60" displayName="Compromisso" parentDisplayName="Visita" id="{549a8aa3-c349-4ab9-8bac-4873fa9a7a5c}" />
      </MissingDependency>
      <MissingDependency>
        <Required type="66" schemaName="MscrmControls.TalkingPointsControl.TalkingPoints" displayName="MscrmControls.TalkingPointsControl.TalkingPoints" solution="msdynce_Talkingpoints (9.0.1.701894)">
          <package>msdynce_SalesInsightsAnchor (9.0.23031.10002)</package>
        </Required>
        <Dependent type="60" displayName="Contact" parentDisplayName="Contato" id="{1fed44d1-ae68-4a41-bd2b-f13acac4acfa}" />
      </MissingDependency>
      <MissingDependency>
        <Required type="66" schemaName="msdyn_SalesOmniChannel.SalesPhoneNumberControl" displayName="msdyn_SalesOmniChannel.SalesPhoneNumberControl" solution="msdyn_SalesOmniChannel (9.1.23031.10006)">
          <package>msdyn_AcceleratedSalesAnchor (9.1.23031.10006)</package>
        </Required>
        <Dependent type="60" displayName="Contact" parentDisplayName="Contato" id="{1fed44d1-ae68-4a41-bd2b-f13acac4acfa}" />
      </MissingDependency>
      <MissingDependency>
        <Required type="66" schemaName="msdyn_SalesOmniChannel.SalesPhoneNumberControl" displayName="msdyn_SalesOmniChannel.SalesPhoneNumberControl" solution="msdyn_SalesOmniChannel (9.1.23031.10006)">
          <package>msdyn_AcceleratedSalesAnchor (9.1.23031.10006)</package>
        </Required>
        <Dependent type="60" displayName="Sales Insights" parentDisplayName="Conta" id="{cb430327-bcc1-416d-959d-db7592e685af}" />
      </MissingDependency>
      <MissingDependency>
        <Required type="90" schemaName="Tcc.Dynacoop.Equipe4.Plugin.Actions.CloneOportunidade, Tcc.Dynacoop.Equipe4.Plugin, Version=1.0.0.0, Culture=neutral, PublicKeyToken=1a96db6b349ca9ab" displayName="Tcc.Dynacoop.Equipe4.Plugin.Actions.CloneOportunidade" solution="Active" id="{3698895c-41b4-4c2d-a837-bb80947ce080}" />
        <Dependent type="29" displayName="Clone Oportunidade" id="{3f24667b-11f6-4910-a160-c92ad61358d8}" />
      </MissingDependency>
      <MissingDependency>
        <Required type="90" schemaName="Dynacoop.Logistics.Plugin.Actions.BuscaCEPApi, Tcc.Dynacoop.Equipe4.Plugin, Version=1.0.0.0, Culture=neutral, PublicKeyToken=1a96db6b349ca9ab" displayName="Dynacoop.Logistics.Plugin.Actions.BuscaCEPApi" solution="Active" id="{4b704ca4-a6bb-4979-9394-e061f7ad5bbf}" />
        <Dependent type="29" displayName="Buscar Cep API" id="{bd94f5c9-4741-4c36-89b9-7501faedf165}" />
      </MissingDependency>
    </MissingDependencies>
  </SolutionManifest>
</ImportExportXml>