{
  "properties": {
    "connectionReferences": {
      "shared_commondataserviceforapps": {
        "runtimeSource": "embedded",
        "connection": {
          "connectionReferenceLogicalName": "dnc_sharedcommondataserviceforapps_23b5e"
        },
        "api": {
          "name": "shared_commondataserviceforapps"
        }
      }
    },
    "definition": {
      "$schema": "https://schema.management.azure.com/providers/Microsoft.Logic/schemas/2016-06-01/workflowdefinition.json#",
      "contentVersion": "1.0.0.0",
      "parameters": {
        "$connections": {
          "defaultValue": {},
          "type": "Object"
        },
        "$authentication": {
          "defaultValue": {},
          "type": "SecureObject"
        }
      },
      "triggers": {
        "Quando_uma_visita_for_criada_ou_deletada": {
          "metadata": {
            "operationMetadataId": "cd611233-a492-4559-9186-aefa82dc9c3f"
          },
          "type": "OpenApiConnectionWebhook",
          "inputs": {
            "host": {
              "connectionName": "shared_commondataserviceforapps",
              "operationId": "SubscribeWebhookTrigger",
              "apiId": "/providers/Microsoft.PowerApps/apis/shared_commondataserviceforapps"
            },
            "parameters": {
              "subscriptionRequest/message": 4,
              "subscriptionRequest/entityname": "appointment",
              "subscriptionRequest/scope": 4
            },
            "authentication": "@parameters('$authentication')"
          }
        }
      },
      "actions": {
        "Recupera_a_conta_por_id": {
          "runAfter": {},
          "metadata": {
            "operationMetadataId": "9c3f401a-fc3e-446a-ab20-2a17a92fb020"
          },
          "type": "OpenApiConnection",
          "inputs": {
            "host": {
              "connectionName": "shared_commondataserviceforapps",
              "operationId": "GetItem",
              "apiId": "/providers/Microsoft.PowerApps/apis/shared_commondataserviceforapps"
            },
            "parameters": {
              "entityName": "accounts",
              "recordId": "@triggerOutputs()?['body/_regardingobjectid_value']",
              "$select": "dnc_dataehoradaultimavisita"
            },
            "authentication": "@parameters('$authentication')"
          }
        },
        "Se_a_data_de_término_não_é_nula": {
          "actions": {
            "Se_data_e_hora_de_término_for_menor_que_a_data_e_hora_da_última_visita": {
              "actions": {
                "Atualizar_data_e_hora_da_última_visita": {
                  "runAfter": {},
                  "metadata": {
                    "operationMetadataId": "9c976d11-3600-4279-95d2-a483b75c7286"
                  },
                  "type": "OpenApiConnection",
                  "inputs": {
                    "host": {
                      "connectionName": "shared_commondataserviceforapps",
                      "operationId": "UpdateRecord",
                      "apiId": "/providers/Microsoft.PowerApps/apis/shared_commondataserviceforapps"
                    },
                    "parameters": {
                      "entityName": "accounts",
                      "recordId": "@triggerOutputs()?['body/_regardingobjectid_value']",
                      "item/dnc_dataehoradaultimavisita": "@triggerOutputs()?['body/scheduledend']"
                    },
                    "authentication": "@parameters('$authentication')"
                  }
                }
              },
              "runAfter": {},
              "expression": {
                "less": [
                  "@outputs('Recupera_a_conta_por_id')?['body/dnc_dataehoradaultimavisita']",
                  "@triggerOutputs()?['body/scheduledend']"
                ]
              },
              "metadata": {
                "operationMetadataId": "ee8ce99a-66d5-4500-bdb5-015b109a62ac"
              },
              "type": "If"
            }
          },
          "runAfter": {
            "Recupera_a_conta_por_id": [
              "Succeeded"
            ]
          },
          "else": {
            "actions": {
              "Insere_data_e_hora_da_última_visita": {
                "runAfter": {},
                "metadata": {
                  "operationMetadataId": "ef9c2578-1936-4cf9-8b65-f8ea303e5f3e"
                },
                "type": "OpenApiConnection",
                "inputs": {
                  "host": {
                    "connectionName": "shared_commondataserviceforapps",
                    "operationId": "UpdateRecord",
                    "apiId": "/providers/Microsoft.PowerApps/apis/shared_commondataserviceforapps"
                  },
                  "parameters": {
                    "entityName": "accounts",
                    "recordId": "@triggerOutputs()?['body/_regardingobjectid_value']",
                    "item/dnc_dataehoradaultimavisita": "@triggerOutputs()?['body/scheduledend']"
                  },
                  "authentication": "@parameters('$authentication')"
                }
              }
            }
          },
          "expression": {
            "not": {
              "equals": [
                "@outputs('Recupera_a_conta_por_id')?['body/dnc_dataehoradaultimavisita']",
                null
              ]
            }
          },
          "metadata": {
            "operationMetadataId": "3f8eedac-a788-4c90-86cd-15de443d9c34"
          },
          "type": "If"
        }
      }
    },
    "templateName": null
  },
  "schemaVersion": "1.0.0.0"
}