{
  "properties": {
    "connectionReferences": {
      "shared_commondataserviceforapps": {
        "runtimeSource": "embedded",
        "connection": {
          "connectionReferenceLogicalName": "dnc_sharedcommondataserviceforapps_23b5e"
        },
        "api": {
          "name": "shared_commondataserviceforapps"
        }
      },
      "shared_gmail": {
        "runtimeSource": "embedded",
        "connection": {
          "connectionReferenceLogicalName": "dnc_sharedgmail_3a461"
        },
        "api": {
          "name": "shared_gmail"
        }
      }
    },
    "definition": {
      "$schema": "https://schema.management.azure.com/providers/Microsoft.Logic/schemas/2016-06-01/workflowdefinition.json#",
      "contentVersion": "1.0.0.0",
      "parameters": {
        "$connections": {
          "defaultValue": {},
          "type": "Object"
        },
        "$authentication": {
          "defaultValue": {},
          "type": "SecureObject"
        }
      },
      "triggers": {
        "Quando_uma_cotação_for_ativada": {
          "metadata": {
            "operationMetadataId": "a54aba77-15cc-4ca2-be4a-c4fcd7ac5044"
          },
          "type": "OpenApiConnectionWebhook",
          "inputs": {
            "host": {
              "connectionName": "shared_commondataserviceforapps",
              "operationId": "SubscribeWebhookTrigger",
              "apiId": "/providers/Microsoft.PowerApps/apis/shared_commondataserviceforapps"
            },
            "parameters": {
              "subscriptionRequest/message": 3,
              "subscriptionRequest/entityname": "quote",
              "subscriptionRequest/scope": 4
            },
            "authentication": "@parameters('$authentication')"
          }
        }
      },
      "actions": {
        "Pega_o_ID_da_Conta": {
          "runAfter": {},
          "metadata": {
            "operationMetadataId": "e81633ec-5fdc-457e-be9a-10cb0207250d"
          },
          "type": "OpenApiConnection",
          "inputs": {
            "host": {
              "connectionName": "shared_commondataserviceforapps",
              "operationId": "GetItem",
              "apiId": "/providers/Microsoft.PowerApps/apis/shared_commondataserviceforapps"
            },
            "parameters": {
              "entityName": "accounts",
              "recordId": "@triggerOutputs()?['body/_customerid_value']"
            },
            "authentication": "@parameters('$authentication')"
          }
        },
        "Pega_o_ID_do_Owner": {
          "runAfter": {
            "Pega_o_ID_da_Conta": [
              "Succeeded"
            ]
          },
          "metadata": {
            "operationMetadataId": "00f8354b-157d-4ef0-a0bf-f79dc8c2536c"
          },
          "type": "OpenApiConnection",
          "inputs": {
            "host": {
              "connectionName": "shared_commondataserviceforapps",
              "operationId": "GetItem",
              "apiId": "/providers/Microsoft.PowerApps/apis/shared_commondataserviceforapps"
            },
            "parameters": {
              "entityName": "systemusers",
              "recordId": "@triggerOutputs()?['body/_ownerid_value']"
            },
            "authentication": "@parameters('$authentication')"
          }
        },
        "Listar_Linhas": {
          "runAfter": {
            "Pega_o_ID_do_Owner": [
              "Succeeded"
            ]
          },
          "metadata": {
            "operationMetadataId": "a3460f52-69f2-46e7-9281-429a5c852e3f"
          },
          "type": "OpenApiConnection",
          "inputs": {
            "host": {
              "connectionName": "shared_commondataserviceforapps",
              "operationId": "ListRecords",
              "apiId": "/providers/Microsoft.PowerApps/apis/shared_commondataserviceforapps"
            },
            "parameters": {
              "entityName": "quotedetails",
              "$filter": "(_quoteid_value eq @{triggerOutputs()?['body/quoteid']})"
            },
            "authentication": "@parameters('$authentication')"
          }
        },
        "Seleciona_Linhas": {
          "runAfter": {
            "Listar_Linhas": [
              "Succeeded"
            ]
          },
          "metadata": {
            "operationMetadataId": "3d32bf7a-594e-4de1-bf23-206fc836f07d"
          },
          "type": "Select",
          "inputs": {
            "from": "@outputs('Listar_Linhas')?['body/value']",
            "select": {
              "Produto": "@item()?['productname']",
              "Preço Unitário": "@formatNumber(float(item()?['priceperunit']), '#,##0.00', 'pt-BR')",
              "Qtd": "@item()?['quantity']",
              "Valor Total": "@formatNumber(float(item()?['extendedamount']), '#,##0.00', 'pt-BR')"
            }
          }
        },
        "Cria_Tabela_HTML": {
          "runAfter": {
            "Seleciona_Linhas": [
              "Succeeded"
            ]
          },
          "metadata": {
            "operationMetadataId": "5737f93c-372f-47bf-b055-67a3dc158a6b"
          },
          "type": "Table",
          "inputs": {
            "from": "@body('Seleciona_Linhas')",
            "format": "HTML"
          }
        },
        "Se_a_cotação_for_ativada_envia_email": {
          "actions": {
            "Send_email_(V2)": {
              "runAfter": {},
              "metadata": {
                "operationMetadataId": "379e11fe-bfb5-48dd-9391-cccf136b1c95"
              },
              "type": "OpenApiConnection",
              "inputs": {
                "host": {
                  "connectionName": "shared_gmail",
                  "operationId": "SendEmailV2",
                  "apiId": "/providers/Microsoft.PowerApps/apis/shared_gmail"
                },
                "parameters": {
                  "emailMessage/To": "@outputs('Pega_o_ID_da_Conta')?['body/emailaddress1']",
                  "emailMessage/Subject": "@triggerOutputs()?['body/name']",
                  "emailMessage/Body": "<p>Para,<br>\n@{outputs('Pega_o_ID_da_Conta')?['body/name']}<br>\n<br>\n<br>\nCaro Cliente,<br>\nEstamos enviando esta cotação referente a “@{triggerOutputs()?['body/name']}”. Esta cotação é válida de @{formatDateTime(parseDateTime(triggerOutputs()?['body/effectivefrom']), 'dd/MM/yyyy', 'pt-BR')} a @{formatDateTime(parseDateTime(triggerOutputs()?['body/effectiveto']), 'dd/MM/yyyy', 'pt-BR')} .<br>\nPor favor, responda-nos com sua decisão em breve.<br>\n<br>\nAtenciosamente,<br>\n@{outputs('Pega_o_ID_do_Owner')?['body/firstname']} @{outputs('Pega_o_ID_do_Owner')?['body/lastname']}.<br>\n<br>\n<br>\n<br>\n<strong>Confira os detalhes da sua cotação abaixo:<br>\n</strong>ID da Cotação: @{triggerOutputs()?['body/quotenumber']}<br>\nValor do desconto da cotação em porcentagem: @{triggerOutputs()?['body/discountpercentage']}<br>\nValor do Desconto da Cotação: @{triggerOutputs()?['body/discountamount']}<br>\nValor Total Detalhado: &nbsp;@{formatNumber(float(triggerOutputs()?['body/totallineitemamount']), '#,##0.00', 'pt-BR')}<br>\nTotal de Impostos: @{triggerOutputs()?['body/totaltax']}<br>\nValor Total: @{formatNumber(float(triggerOutputs()?['body/totalamount']), '#,##0.00', 'pt-BR')}<br>\n<br>\n<br>\n@{body('Cria_Tabela_HTML')}<br>\n<br>\n<br>\n<br>\n&nbsp;&nbsp;&nbsp;&nbsp;&nbsp;&nbsp;&nbsp;&nbsp;&nbsp;&nbsp;&nbsp;&nbsp;</p>"
                },
                "authentication": "@parameters('$authentication')"
              }
            }
          },
          "runAfter": {
            "Cria_Tabela_HTML": [
              "Succeeded"
            ]
          },
          "expression": {
            "equals": [
              "@triggerOutputs()?['body/statecode']",
              1
            ]
          },
          "metadata": {
            "operationMetadataId": "fe4bf84f-13de-4129-810c-513f57ff706e"
          },
          "type": "If"
        }
      }
    },
    "templateName": ""
  },
  "schemaVersion": "1.0.0.0"
}